 Module 1, Module 2, Module 3,Student Name
 Mod1-63, Mod2-74, Mod3-65,Jake Smith
 Mod1-52, Mod2-54, Mod3-55,Olivia Jones
 Mod1-73, Mod2-75, Mod3-72,Oliver Williams
 Mod1-35, Mod2-42, Mod3-40,Amelia Brown
 Mod1-58, Mod2-63, Mod3-60,John Taylor
 Mod1-62, Mod2-63, Mod3-62,Emily Davies
 Mod1-54, Mod2-53, Mod3-58,Harry Murphy
 Mod1-64, Mod2-67, Mod3-62,Ava Kelly
 Mod1-52, Mod2-48, Mod3-54,Jacob Walsh
 Mod1-83, Mod2-81, Mod3-78,Mia Byrne
 Mod1-75, Mod2-74, Mod3-72,Charlie Wilson
 Mod1-48, Mod2-57, Mod3-51,Madison Evans
 Mod1-67, Mod2-65, Mod3-68,George Thomas
 Mod1-57, Mod2-56, Mod3-57,Abigail Roberts
 Mod1-79, Mod2-74, Mod3-76,Oscar Johnson
 Mod1-43, Mod2-36, Mod3-41,Ethan Brown
 Mod1-68, Mod2-72, Mod3-69,Charlotte Miller
 Mod1-54, Mod2-57, Mod3-55,Noah Jones
 Mod1-68, Mod2-74, Mod3-72,Isabella O'Neill
